accuracy,loss,val_accuracy,val_loss,learning_rate,phase
0.6419386863708496,1.013683557510376,0.7817460298538208,0.6545277833938599,0.0010000000474974513,1
0.8269040584564209,0.5476273894309998,0.8134920597076416,0.5185261964797974,0.0010000000474974513,1
0.8659743070602417,0.43262189626693726,0.8492063283920288,0.4621482491493225,0.0010000000474974513,1
0.8808110952377319,0.37707191705703735,0.8650793433189392,0.43402186036109924,0.0010000000474974513,1
0.8996043801307678,0.3287222981452942,0.8650793433189392,0.41072776913642883,0.0010000000474974513,1
0.9065281748771667,0.3007257580757141,0.85317462682724,0.403300940990448,0.0010000000474974513,1
0.9154302477836609,0.2768091559410095,0.8571428656578064,0.3997199535369873,0.0010000000474974513,1
0.922848641872406,0.2527887225151062,0.8611111044883728,0.38683393597602844,0.0010000000474974513,1
0.9371908903121948,0.2257552444934845,0.85317462682724,0.3867538273334503,0.0010000000474974513,1
0.937685489654541,0.21591046452522278,0.8650793433189392,0.3806222975254059,0.0010000000474974513,1
0.9406528472900391,0.20870134234428406,0.85317462682724,0.38134732842445374,0.0010000000474974513,1
0.9426310658454895,0.1923971325159073,0.8730158805847168,0.3729868233203888,0.0010000000474974513,1
0.9480712413787842,0.18161192536354065,0.8611111044883728,0.3682406544685364,0.0010000000474974513,1
0.9554896354675293,0.1685493439435959,0.8690476417541504,0.365277498960495,0.0010000000474974513,1
0.9619188904762268,0.15838870406150818,0.8611111044883728,0.3666428327560425,0.0010000000474974513,1
0.9614243507385254,0.15672168135643005,0.8650793433189392,0.3669522702693939,9.999999747378752e-06,2
0.9614243507385254,0.1421002298593521,0.8690476417541504,0.3614334762096405,9.999999747378752e-06,2
0.9594460725784302,0.13169674575328827,0.8690476417541504,0.36309078335762024,9.999999747378752e-06,2
0.9663699269294739,0.12239165604114532,0.8690476417541504,0.3623225688934326,9.999999747378752e-06,2
0.9678536057472229,0.11674153804779053,0.8690476417541504,0.3627585470676422,1.9999999949504854e-06,2
